<?xml version="1.0" encoding="UTF-8"?>
<project-private xmlns="http://www.netbeans.org/ns/project-private/1">
    <editor-bookmarks xmlns="http://www.netbeans.org/ns/editor-bookmarks/2" lastBookmarkId="0"/>
    <open-files xmlns="http://www.netbeans.org/ns/projectui-open-files/2">
        <group>
            <file>file:/C:/Users/S554220/Documents/NetBeansProjects/%20Peddi_Lab02Classes/src/gadgets/Laptop.java</file>
            <file>file:/C:/Users/S554220/Documents/NetBeansProjects/%20Peddi_Lab02Classes/src/employeeSalary/EmployeeSalary.java</file>
            <file>file:/C:/Users/S554220/Documents/NetBeansProjects/%20Peddi_Lab02Classes/src/gadgets/LaptopDriver.java</file>
            <file>file:/C:/Users/S554220/Documents/NetBeansProjects/%20Peddi_Lab02Classes/src/employeeSalary/EmployeeSalaryDriver.java</file>
        </group>
    </open-files>
</project-private>
