<?xml version="1.0" encoding="UTF-8"?>
<project-private xmlns="http://www.netbeans.org/ns/project-private/1">
    <editor-bookmarks xmlns="http://www.netbeans.org/ns/editor-bookmarks/2" lastBookmarkId="0"/>
    <open-files xmlns="http://www.netbeans.org/ns/projectui-open-files/2">
        <group>
            <file>file:/C:/Users/S554220/Documents/NetBeansProjects/Peddi_Lab09InterfacesAndAbstractClasses/src/shopping/Creator.java</file>
            <file>file:/C:/Users/S554220/Documents/NetBeansProjects/Peddi_Lab09InterfacesAndAbstractClasses/src/shopping/Medicine.java</file>
            <file>file:/C:/Users/S554220/Documents/NetBeansProjects/Peddi_Lab09InterfacesAndAbstractClasses/src/shopping/Store.java</file>
            <file>file:/C:/Users/S554220/Documents/NetBeansProjects/Peddi_Lab09InterfacesAndAbstractClasses/src/shopping/Grocery.java</file>
            <file>file:/C:/Users/S554220/Documents/NetBeansProjects/Peddi_Lab09InterfacesAndAbstractClasses/src/shopping/Hyvee.java</file>
            <file>file:/C:/Users/S554220/Documents/NetBeansProjects/Peddi_Lab09InterfacesAndAbstractClasses/src/shopping/WallGreen.java</file>
            <file>file:/C:/Users/S554220/Documents/NetBeansProjects/Peddi_Lab09InterfacesAndAbstractClasses/src/shopping/GroceryStore.java</file>
            <file>file:/C:/Users/S554220/Documents/NetBeansProjects/Peddi_Lab09InterfacesAndAbstractClasses/src/shopping/MedicineStore.java</file>
            <file>file:/C:/Users/S554220/Documents/NetBeansProjects/Peddi_Lab09InterfacesAndAbstractClasses/src/shopping/Mosaic.java</file>
            <file>file:/C:/Users/S554220/Documents/NetBeansProjects/Peddi_Lab09InterfacesAndAbstractClasses/src/shopping/Driver.java</file>
            <file>file:/C:/Users/S554220/Documents/NetBeansProjects/Peddi_Lab09InterfacesAndAbstractClasses/src/shopping/WallMart.java</file>
        </group>
    </open-files>
</project-private>
