<?xml version="1.0" encoding="UTF-8"?>
<project-private xmlns="http://www.netbeans.org/ns/project-private/1">
    <editor-bookmarks xmlns="http://www.netbeans.org/ns/editor-bookmarks/2" lastBookmarkId="1">
        <file>
            <url>src/arrays/PlayWithArrayLists.java</url>
            <bookmark id="1">
                <name/>
                <line>121</line>
                <key/>
            </bookmark>
        </file>
    </editor-bookmarks>
    <open-files xmlns="http://www.netbeans.org/ns/projectui-open-files/2">
        <group>
            <file>file:/C:/Users/S554220/Documents/NetBeansProjects/Peddi_Lab05Arrays/src/arrays/PlayWithArrayLists.java</file>
            <file>file:/C:/Users/S554220/Documents/NetBeansProjects/Peddi_Lab05Arrays/src/arrays/PlayWithArrays.java</file>
            <file>file:/C:/Users/S554220/Documents/NetBeansProjects/Peddi_Lab05Arrays/src/arrays/ArrayUtils.java</file>
        </group>
    </open-files>
</project-private>
