<?xml version="1.0" encoding="UTF-8"?>
<project-private xmlns="http://www.netbeans.org/ns/project-private/1">
    <editor-bookmarks xmlns="http://www.netbeans.org/ns/editor-bookmarks/2" lastBookmarkId="0"/>
    <open-files xmlns="http://www.netbeans.org/ns/projectui-open-files/2">
        <group>
            <file>file:/C:/Users/S554220/Documents/NetBeansProjects/Peddi_Lab07UnitTesting/src/banking/Customer.java</file>
            <file>file:/C:/Users/S554220/Documents/NetBeansProjects/Peddi_Lab07UnitTesting/test/banking/AccountIT.java</file>
            <file>file:/C:/Users/S554220/Documents/NetBeansProjects/Peddi_Lab07UnitTesting/src/banking/Account.java</file>
            <file>file:/C:/Users/S554220/Documents/NetBeansProjects/Peddi_Lab07UnitTesting/src/banking/Transaction.java</file>
            <file>file:/C:/Users/S554220/Documents/NetBeansProjects/Peddi_Lab07UnitTesting/src/banking/BankDriver.java</file>
            <file>file:/C:/Users/S554220/Documents/NetBeansProjects/Peddi_Lab07UnitTesting/test/banking/TransactionIT.java</file>
        </group>
    </open-files>
</project-private>
